{"cameraMode":{"drawMode":0,"name":"Shaded","section":"Shading Mode"},"sceneLighting":false,"audioPlay":false,"sceneViewState":{"m_AlwaysRefresh":false,"showFog":true,"showSkybox":false,"showFlares":true,"showImageEffects":true,"showParticleSystems":true,"showVisualEffectGraphs":true,"m_FxEnabled":true},"in2DMode":false,"pivot":{"x":-3.336313247680664,"y":0.5280358791351318,"z":-1.439112663269043},"rotation":{"x":-0.023859120905399324,"y":0.19135639071464539,"z":-0.004654903896152973,"w":-0.9812498688697815},"size":0.8660253882408142,"orthographic":false}