{"cameraMode":{"drawMode":0,"name":"Shaded","section":"Shading Mode"},"sceneLighting":true,"audioPlay":false,"sceneViewState":{"m_AlwaysRefresh":false,"showFog":false,"showSkybox":true,"showFlares":true,"showImageEffects":true,"showParticleSystems":true,"showVisualEffectGraphs":true,"m_FxEnabled":true},"in2DMode":false,"pivot":{"x":404.2564697265625,"y":203.10418701171876,"z":641.6345825195313},"rotation":{"x":0.17004674673080445,"y":0.6023691892623901,"z":-0.13336427509784699,"w":0.7684932947158814},"size":23.219757080078126,"orthographic":false}