{"cameraMode":{"drawMode":0,"name":"Shaded","section":"Shading Mode"},"sceneLighting":false,"audioPlay":false,"sceneViewState":{"m_AlwaysRefresh":false,"showFog":false,"showSkybox":false,"showFlares":false,"showImageEffects":false,"showParticleSystems":false,"showVisualEffectGraphs":true,"m_FxEnabled":true},"in2DMode":false,"pivot":{"x":0.11316664516925812,"y":0.8907992839813232,"z":-0.6157975196838379},"rotation":{"x":0.0006510847015306354,"y":0.9989344477653503,"z":-0.04499584436416626,"w":0.0172926876693964},"size":1.2092459201812745,"orthographic":false}