{"cameraMode":{"drawMode":0,"name":"Shaded","section":"Shading Mode"},"sceneLighting":false,"audioPlay":false,"sceneViewState":{"m_AlwaysRefresh":false,"showFog":false,"showSkybox":false,"showFlares":true,"showImageEffects":true,"showParticleSystems":true,"showVisualEffectGraphs":true,"m_FxEnabled":true},"in2DMode":false,"pivot":{"x":19.860000610351564,"y":1.4428400993347169,"z":-0.13499999046325684},"rotation":{"x":-0.10028748214244843,"y":0.6954576969146729,"z":-0.09889915585517883,"w":-0.7047206163406372},"size":2.570197582244873,"orthographic":false}