{"cameraMode":{"drawMode":0,"name":"Shaded","section":"Shading Mode"},"sceneLighting":true,"audioPlay":false,"sceneViewState":{"m_AlwaysRefresh":false,"showFog":true,"showSkybox":true,"showFlares":true,"showImageEffects":true,"showParticleSystems":true,"showVisualEffectGraphs":true,"m_FxEnabled":true},"in2DMode":false,"pivot":{"x":0.022207409143447877,"y":1.7450505495071412,"z":-0.12510602176189423},"rotation":{"x":0.0039945729076862339,"y":0.9907276034355164,"z":-0.1330682337284088,"w":0.030541807413101198},"size":2.6910972595214845,"orthographic":false}